run	success	duration	cost	ANGGEN2ANG1_k	E50_e3174	ALDSEC_k	BP_ald_fe	message	x	x0
18	True	4.98995566368103	73.09590118277681	0.10030014354408065	0.00029107274011198355	1.0105027952685962e-06	0.3119992626947359	`xtol` termination condition is satisfied.	[1.00300144e-01 2.91072740e-04 1.01050280e-06 3.11999263e-01]	[5.10161181e-02 2.30917663e-02 1.22788311e-04 3.66843094e-01]
26	True	5.425642013549805	73.1041928589207	0.09463337853092209	0.0002913609986868583	1.0731692056739457e-06	0.31051261809109443	`xtol` termination condition is satisfied.	[9.46333785e-02 2.91360999e-04 1.07316921e-06 3.10512618e-01]	[0.43385383 0.00085002 0.00226109 0.57116383]
67	True	4.918590307235718	73.11087749716937	0.0896398993651499	0.00028460412781734594	1.0090030948475683e-06	0.3113282562320638	`xtol` termination condition is satisfied.	[8.96398994e-02 2.84604128e-04 1.00900309e-06 3.11328256e-01]	[5.73967184e+01 3.50862167e-02 5.36556222e-06 4.38708336e-01]
21	True	3.281593084335327	73.11216894667302	0.09730582892360859	0.0002845220897051302	1.0250124469927118e-06	0.3111810859826424	`xtol` termination condition is satisfied.	[9.73058289e-02 2.84522090e-04 1.02501245e-06 3.11181086e-01]	[6.89104212e+00 1.59559802e-03 6.11504590e-02 3.58834143e-01]
43	True	4.850366592407227	73.11272112048046	0.1022173076744611	0.0002846404325845941	1.0061939770931174e-06	0.3116943325438823	`xtol` termination condition is satisfied.	[1.02217308e-01 2.84640433e-04 1.00619398e-06 3.11694333e-01]	[2.20230333e+00 2.09515570e-02 6.91829592e-05 1.43127986e-01]
97	True	5.444294214248657	73.11431138785125	0.08450310118824918	0.00028997905076028025	1.0406839036483876e-06	0.31106147566706893	`xtol` termination condition is satisfied.	[8.45031012e-02 2.89979051e-04 1.04068390e-06 3.11061476e-01]	[2.75404244e+04 8.29944992e-04 1.88541517e-04 2.73119300e-01]
59	True	3.817455291748047	73.11465522556338	0.09783920982726746	0.00028348389072509195	1.0074144197975222e-06	0.31129831467960084	`xtol` termination condition is satisfied.	[9.78392098e-02 2.83483891e-04 1.00741442e-06 3.11298315e-01]	[5.13486006e+04 1.42343286e-03 4.15974695e-06 2.37283272e-01]
40	True	8.886898517608643	73.11515169711402	0.10100060184692014	0.00028474249804663637	1.030949780077968e-06	0.3101599949355411	`xtol` termination condition is satisfied.	[1.01000602e-01 2.84742498e-04 1.03094978e-06 3.10159995e-01]	[2.10055514e+01 9.81489144e-05 9.05603846e-03 1.21270869e-01]
14	True	3.684046506881714	73.11537911714822	0.09361319055017907	0.0002830862128738236	1.0075662361457481e-06	0.3111472079074153	`xtol` termination condition is satisfied.	[9.36131906e-02 2.83086213e-04 1.00756624e-06 3.11147208e-01]	[1.00136413e+00 5.40142841e-04 1.24280294e-03 1.26095149e-01]
48	True	3.2713565826416016	73.11623271374852	0.087719832216407	0.0002836520277979434	1.0046674453405996e-06	0.3112920028456218	`xtol` termination condition is satisfied.	[8.77198322e-02 2.83652028e-04 1.00466745e-06 3.11292003e-01]	[8.45661907e+02 1.16623625e-03 6.51704496e-06 3.08463222e-01]
60	True	4.998387575149536	73.11897158156576	0.09672140534778395	0.000282322997779764	1.0000001903815568e-06	0.3112139926374656	`xtol` termination condition is satisfied.	[9.67214053e-02 2.82322998e-04 1.00000019e-06 3.11213993e-01]	[3.02180473e+02 1.89297953e-06 1.14046418e-06 1.88022022e-01]
79	True	5.919586420059204	73.11900804817762	0.09888161589376641	0.00028261332107916523	1.0017697388104259e-06	0.3112563277685597	`xtol` termination condition is satisfied.	[9.88816159e-02 2.82613321e-04 1.00176974e-06 3.11256328e-01]	[5.05528199e+03 2.96898547e-06 1.35327640e-06 1.75306121e-01]
37	True	4.495978355407715	73.11920916375526	0.09212187994730726	0.0002823892761483464	1.008271491410193e-06	0.31103136321876246	`xtol` termination condition is satisfied.	[9.21218799e-02 2.82389276e-04 1.00827149e-06 3.11031363e-01]	[0.05914749 0.00119312 0.00049221 0.10410306]
36	True	7.077636480331421	73.11925869037081	0.09788678037602529	0.0002824918998186413	1.0037423388553058e-06	0.31119161825532005	`xtol` termination condition is satisfied.	[9.78867804e-02 2.82491900e-04 1.00374234e-06 3.11191618e-01]	[4.30453103e+02 1.21453216e-05 6.75229020e-06 1.24414198e-01]
38	True	6.256605625152588	73.11950030741916	0.09551950702940497	0.00028213806915661563	1.0000355056355639e-06	0.31117257505662466	`xtol` termination condition is satisfied.	[9.55195070e-02 2.82138069e-04 1.00003551e-06 3.11172575e-01]	[3.87651026e+00 1.15003265e-06 2.97472176e-06 1.45991846e-01]
73	True	11.157959461212158	73.11954483257563	0.0957120652707466	0.0002821411959560473	1.0000116210187367e-06	0.3112445942713157	Both `ftol` and `xtol` termination conditions are satisfied.	[9.57120653e-02 2.82141196e-04 1.00001162e-06 3.11244594e-01]	[3.55902719e+04 1.51558209e-05 1.92564706e-05 2.18026469e-01]
25	True	5.392207622528076	73.11960149491014	0.09532740899973073	0.0002821080202125566	1.0000022864739092e-06	0.31115817804543655	`xtol` termination condition is satisfied.	[9.53274090e-02 2.82108020e-04 1.00000229e-06 3.11158178e-01]	[5.15866851e+03 1.81313815e-04 4.49063871e-06 1.09280962e-01]
80	True	9.207579374313354	73.11961591782247	0.09610786707388266	0.00028217618784271564	1.0007801479298498e-06	0.3112627614462134	Both `ftol` and `xtol` termination conditions are satisfied.	[9.61078671e-02 2.82176188e-04 1.00078015e-06 3.11262761e-01]	[5.31385167e+01 2.89196221e-04 6.30183182e-06 4.99739585e-01]
41	True	16.70108938217163	73.11989016672821	0.09440922188934782	0.0002820257338690226	1.0003136404104424e-06	0.3111772395538231	`ftol` termination condition is satisfied.	[9.44092219e-02 2.82025734e-04 1.00031364e-06 3.11177240e-01]	[3.19964889e+04 8.02207337e-07 1.31971640e-06 5.60984756e-01]
65	True	12.397097110748291	73.11996680228643	0.09417418742927647	0.00028199792872339504	1.0000111901068893e-06	0.31113765744806793	`ftol` termination condition is satisfied.	[9.41741874e-02 2.81997929e-04 1.00001119e-06 3.11137657e-01]	[2.77650012e+04 3.59375342e-05 1.58773965e-05 5.96701449e-01]
12	True	10.538972616195679	73.12003029232136	0.09399942045808998	0.00028198294860656543	1.0000080660081453e-06	0.31113378418485926	`ftol` termination condition is satisfied.	[9.39994205e-02 2.81982949e-04 1.00000807e-06 3.11133784e-01]	[7.70075972e+04 2.44499492e-05 7.86719646e-06 2.43415442e-01]
49	True	6.186630964279175	73.1202707245865	0.093374752491323	0.0002819364498847997	1.0000709841494883e-06	0.3110799699189863	`xtol` termination condition is satisfied.	[9.33747525e-02 2.81936450e-04 1.00007098e-06 3.11079970e-01]	[8.54084798e+03 8.52296780e-06 2.03455901e-05 2.43607848e-01]
46	True	6.047279119491577	73.12048945000055	0.09439678197410978	0.0002821004808514481	1.0072552147306812e-06	0.311038273432287	`xtol` termination condition is satisfied.	[9.43967820e-02 2.82100481e-04 1.00725521e-06 3.11038273e-01]	[5.50194958e-01 1.63492865e-06 3.67725249e-02 2.70387976e-01]
6	True	8.739156723022461	73.12073859711039	0.09276026210298663	0.000281862114426756	1.0001921639001697e-06	0.3110536360420928	`ftol` termination condition is satisfied.	[9.27602621e-02 2.81862114e-04 1.00019216e-06 3.11053636e-01]	[6.78051002e+04 1.71518948e-02 9.52311888e-01 2.95416239e-01]
86	True	5.007911205291748	73.1211367635932	0.0923579349545103	0.0002818523430559906	1.002115062776466e-06	0.3110096499745508	`xtol` termination condition is satisfied.	[9.23579350e-02 2.81852343e-04 1.00211506e-06 3.11009650e-01]	[2.68938215e-02 2.10414124e-03 1.05335889e-04 1.25439840e-01]
7	True	7.463067293167114	73.12130085264764	0.0920396209973982	0.00028179811419664903	1.0007152342700112e-06	0.31101919562188196	`xtol` termination condition is satisfied.	[9.20396210e-02 2.81798114e-04 1.00071523e-06 3.11019196e-01]	[5.02828595e-01 6.18409325e-07 1.83995352e-04 5.02916036e-01]
0	True	5.505915880203247	73.12132040866001	0.09196854774178322	0.00028181064947233454	1.0011964945023348e-06	0.3110126566151657	`xtol` termination condition is satisfied.	[9.19685477e-02 2.81810649e-04 1.00119649e-06 3.11012657e-01]	[5.15849840e+03 5.83849242e-06 3.30755336e-06 2.29127829e-01]
11	True	4.785960674285889	73.12135206275384	0.09144264697724587	0.0002818201099896539	1.0006391372459159e-06	0.31101722933691417	`xtol` termination condition is satisfied.	[9.14426470e-02 2.81820110e-04 1.00063914e-06 3.11017229e-01]	[1.31591646e+04 4.10694043e-04 2.35800741e-01 4.95249281e-01]
52	True	6.4447221755981445	73.12135653204695	0.09189722944437333	0.00028178121024692414	1.000204873504264e-06	0.31102801591209184	`ftol` termination condition is satisfied.	[9.18972294e-02 2.81781210e-04 1.00020487e-06 3.11028016e-01]	[1.36588404e+02 9.57738295e-05 9.59864958e-05 1.20571754e-01]
19	True	7.7014851570129395	73.12136982347964	0.09185193595823987	0.00028177875490616595	1.0001173008746363e-06	0.31103572479600444	`ftol` termination condition is satisfied.	[9.18519360e-02 2.81778755e-04 1.00011730e-06 3.11035725e-01]	[2.99161062e+01 1.12134946e-06 2.63340950e-05 1.08820512e-01]
84	True	6.520205497741699	73.12143672190989	0.09254801968831566	0.00028192410359834536	1.007112288313637e-06	0.31097450230362567	`xtol` termination condition is satisfied.	[9.25480197e-02 2.81924104e-04 1.00711229e-06 3.10974502e-01]	[9.19771582e-01 1.25309641e-05 5.94644123e-03 4.09807298e-01]
78	True	6.046527624130249	73.12153058539106	0.09153218334892294	0.00028181503586682826	1.0018828675537542e-06	0.3109946805794359	`xtol` termination condition is satisfied.	[9.15321833e-02 2.81815036e-04 1.00188287e-06 3.10994681e-01]	[0.011607   0.00278587 0.00484693 0.25006453]
95	True	8.767159461975098	73.12178275079717	0.09139113666210585	0.0002817536310971657	1.0009499947097773e-06	0.31100166744291285	`xtol` termination condition is satisfied.	[9.13911367e-02 2.81753631e-04 1.00094999e-06 3.11001667e-01]	[1.02889298 0.0173604  0.21976865 0.3276648 ]
50	True	6.067306756973267	73.12180313659462	0.09166424510828537	0.00028177024036564333	1.002360515508116e-06	0.3109876366768721	`xtol` termination condition is satisfied.	[9.16642451e-02 2.81770240e-04 1.00236052e-06 3.10987637e-01]	[2.56641704e+03 8.99061575e-07 2.97392804e-01 1.10677907e-01]
94	True	9.696385145187378	73.12187610833807	0.09087864042825411	0.00028177163679143826	1.0007680506471598e-06	0.3110051619901763	`xtol` termination condition is satisfied.	[9.08786404e-02 2.81771637e-04 1.00076805e-06 3.11005162e-01]	[9.66546696e+02 1.73235022e-04 1.97869275e-06 1.95939815e-01]
30	True	5.814448118209839	73.12190991415451	0.09143090352811971	0.0002817469698579251	1.0016654919831903e-06	0.31099103034375913	`xtol` termination condition is satisfied.	[9.14309035e-02 2.81746970e-04 1.00166549e-06 3.10991030e-01]	[5.54504329e-01 2.57741717e-05 3.52699052e-02 4.66107341e-01]
69	True	4.9506144523620605	73.12191454471015	0.09112628241497327	0.000281762445330081	1.0014535964875484e-06	0.3109924306404035	`xtol` termination condition is satisfied.	[9.11262824e-02 2.81762445e-04 1.00145360e-06 3.10992431e-01]	[5.85095715e-01 5.85070573e-04 1.26743164e-01 2.63951868e-01]
88	True	7.01936411857605	73.12196485066244	0.0911667472629238	0.00028172105591209355	1.0003601134752836e-06	0.3110082814776379	`xtol` termination condition is satisfied.	[9.11667473e-02 2.81721056e-04 1.00036011e-06 3.11008281e-01]	[4.77243951e+04 1.75554008e-05 5.82281839e-04 3.12819144e-01]
90	True	11.475812673568726	73.12198757460105	0.09111127840860021	0.0002817149729199729	1.0001265067457377e-06	0.3110146411170003	`xtol` termination condition is satisfied.	[9.11112784e-02 2.81714973e-04 1.00012651e-06 3.11014641e-01]	[5.97386727e+03 5.86711953e-03 7.93949497e-03 1.05598415e-01]
72	True	4.955438613891602	73.12200268933294	0.09108439412348367	0.0002817405835731846	1.0011108839949884e-06	0.3109947335659353	`xtol` termination condition is satisfied.	[9.10843941e-02 2.81740584e-04 1.00111088e-06 3.10994734e-01]	[0.71850456 0.00128869 0.38507192 0.16346767]
27	True	5.813483238220215	73.12200355608213	0.0907175440566225	0.0002817514889853268	1.0003381485094646e-06	0.311008791765647	`xtol` termination condition is satisfied.	[9.07175441e-02 2.81751489e-04 1.00033815e-06 3.11008792e-01]	[5.74443870e+04 3.91962452e-02 1.25190891e-02 1.70760970e-01]
91	True	10.280606508255005	73.12202870948309	0.09108154964951047	0.00028170689011969714	1.0000150850850558e-06	0.31101999301732824	`xtol` termination condition is satisfied.	[9.10815496e-02 2.81706890e-04 1.00001509e-06 3.11019993e-01]	[0.07457294 0.00279438 0.00335428 0.12227266]
17	True	7.090513706207275	73.12203890774339	0.09110777998070482	0.000281730825875748	1.0010602330847576e-06	0.310994772234053	`xtol` termination condition is satisfied.	[9.11077800e-02 2.81730826e-04 1.00106023e-06 3.10994772e-01]	[7.10396607e+01 7.08945855e-03 1.25665464e-02 2.62660478e-01]
31	True	4.697185277938843	73.12205094401767	0.0913352231549428	0.0002817528159771058	1.0026026189264854e-06	0.3109792636911954	`xtol` termination condition is satisfied.	[9.13352232e-02 2.81752816e-04 1.00260262e-06 3.10979264e-01]	[1.20578349e+01 3.91587037e-04 3.07559248e-05 2.46968521e-01]
99	True	5.118689060211182	73.12206390055111	0.09101082899763771	0.0002817109435178173	1.0001937160304126e-06	0.31101089057319115	`xtol` termination condition is satisfied.	[9.10108290e-02 2.81710944e-04 1.00019372e-06 3.11010891e-01]	[1.59675004e+01 1.26427560e-05 7.78130265e-01 3.76294546e-01]
70	True	5.812855958938599	73.12206760640503	0.09102103413321302	0.00028171966759583646	1.000577229696344e-06	0.31100183026002604	`xtol` termination condition is satisfied.	[9.10210341e-02 2.81719668e-04 1.00057723e-06 3.11001830e-01]	[1.30380620e+01 1.58900554e-05 2.30034848e-01 4.42847537e-01]
96	True	7.132219076156616	73.12207212116652	0.091024485997746	0.00028170347828082863	1.0000108979500038e-06	0.3110196300502196	`xtol` termination condition is satisfied.	[9.10244860e-02 2.81703478e-04 1.00001090e-06 3.11019630e-01]	[6.05173462e+00 6.62378645e-07 7.32844307e-04 4.79283026e-01]
9	True	5.480316638946533	73.12207475791335	0.09085750607970776	0.0002817294779639662	1.0004753451692834e-06	0.3110039395268496	`xtol` termination condition is satisfied.	[9.08575061e-02 2.81729478e-04 1.00047535e-06 3.11003940e-01]	[1.10446853e+03 8.39232316e-04 3.29174383e-02 4.51498235e-01]
57	True	6.291443109512329	73.12207926858692	0.0908522231076904	0.00028172701531802447	1.0003966142661803e-06	0.31100555845689914	`xtol` termination condition is satisfied.	[9.08522231e-02 2.81727015e-04 1.00039661e-06 3.11005558e-01]	[4.05167461e+02 2.55438921e-02 1.00948613e-03 3.21191469e-01]
76	True	6.263822793960571	73.12207967377074	0.09090018382391088	0.00028171638813846635	1.0001579466277578e-06	0.3110119435470067	`xtol` termination condition is satisfied.	[9.09001838e-02 2.81716388e-04 1.00015795e-06 3.11011944e-01]	[2.81031746e+02 4.11654066e-02 1.22475017e-04 3.44341380e-01]
10	True	5.724998235702515	73.12208015267578	0.09098450553458402	0.000281708858872619	1.0001448860386202e-06	0.31101226457369	`xtol` termination condition is satisfied.	[9.09845055e-02 2.81708859e-04 1.00014489e-06 3.11012265e-01]	[3.02747414e+00 2.30311679e-06 2.62199871e-01 5.55152564e-01]
44	True	7.434015512466431	73.12209015998981	0.09098017261484272	0.00028170498349528345	1.0000540328904881e-06	0.3110160888664376	`xtol` termination condition is satisfied.	[9.09801726e-02 2.81704983e-04 1.00005403e-06 3.11016089e-01]	[4.59615269e+01 1.01544694e-02 1.11994824e-03 1.90632410e-01]
28	True	6.258147478103638	73.12210064253097	0.09096846692939597	0.00028173344916003723	1.0011562241568013e-06	0.31099228565230386	`xtol` termination condition is satisfied.	[9.09684669e-02 2.81733449e-04 1.00115622e-06 3.10992286e-01]	[8.54439264e+01 2.79145288e-06 1.93153635e-05 4.31125819e-01]
23	True	6.514864921569824	73.12211120322003	0.09093266781133617	0.00028171723049835463	1.0005073248148447e-06	0.3110024654426999	`xtol` termination condition is satisfied.	[9.09326678e-02 2.81717230e-04 1.00050732e-06 3.11002465e-01]	[5.28419005e+00 2.85865764e-05 2.16608846e-04 1.72964482e-01]
24	True	6.498284101486206	73.12211260014884	0.09098780495498003	0.0002816989735033029	1.0000043913620476e-06	0.31101974585207015	`xtol` termination condition is satisfied.	[9.09878050e-02 2.81698974e-04 1.00000439e-06 3.11019746e-01]	[7.41089599e+02 8.50500576e-03 1.51817544e-01 2.21009830e-01]
54	True	7.290120840072632	73.12212279656956	0.09096943420901703	0.0002816985878736062	1.0000023568854802e-06	0.3110199340812198	`xtol` termination condition is satisfied.	[9.09694342e-02 2.81698588e-04 1.00000236e-06 3.11019934e-01]	[9.34932533e-01 5.25080596e-06 8.77993877e-04 4.55095971e-01]
39	True	6.776278972625732	73.12213866741118	0.09094655424402362	0.00028169769054070136	1.000004872149127e-06	0.31101923445432195	`xtol` termination condition is satisfied.	[9.09465542e-02 2.81697691e-04 1.00000487e-06 3.11019234e-01]	[0.01484981 0.00456022 0.00329332 0.51806543]
42	True	11.7114098072052	73.12214188088242	0.09090220956180632	0.0002817022792723819	1.0000580872942928e-06	0.3110150429717963	`xtol` termination condition is satisfied.	[9.09022096e-02 2.81702279e-04 1.00005809e-06 3.11015043e-01]	[1.75870961e-01 4.58368699e-05 4.50821474e-01 3.56375257e-01]
63	True	6.092510461807251	73.12214275887777	0.09093182600128019	0.00028171877485354887	1.0007771015442374e-06	0.3109971179178188	`xtol` termination condition is satisfied.	[9.09318260e-02 2.81718775e-04 1.00077710e-06 3.10997118e-01]	[1.14662522e+01 7.22255145e-03 9.28658563e-04 3.26935985e-01]
47	True	6.109084606170654	73.12214567884273	0.0909139098709864	0.00028171669222325473	1.0006615891010586e-06	0.3109990220213331	`xtol` termination condition is satisfied.	[9.09139099e-02 2.81716692e-04 1.00066159e-06 3.10999022e-01]	[7.00062879e+02 4.00787143e-03 4.08468614e-04 4.27266873e-01]
82	True	5.737178325653076	73.12214652796563	0.09093951906696875	0.0002816967943075302	1.0000023885771252e-06	0.3110195201662495	`xtol` termination condition is satisfied.	[9.09395191e-02 2.81696794e-04 1.00000239e-06 3.11019520e-01]	[1.49615225e+00 7.68475197e-04 5.72459847e-01 1.79122684e-01]
34	True	7.510543346405029	73.12214965103028	0.09092081224756873	0.000281697915406279	1.0000065325425807e-06	0.3110188371900563	`xtol` termination condition is satisfied.	[9.09208122e-02 2.81697915e-04 1.00000653e-06 3.11018837e-01]	[6.20646493e+01 3.49748982e-02 1.55818809e-01 1.97684685e-01]
8	True	8.318320274353027	73.12215134060833	0.09090271539297216	0.0002816994732796573	1.0000187422281282e-06	0.31101752598476456	`xtol` termination condition is satisfied.	[9.09027154e-02 2.81699473e-04 1.00001874e-06 3.11017526e-01]	[1.97190884e+00 1.11916780e-02 1.53199768e-03 1.20474171e-01]
71	True	6.374231338500977	73.12215151339537	0.09089278494566241	0.0002817008842385794	1.0000408292738232e-06	0.3110158901037814	`xtol` termination condition is satisfied.	[9.08927849e-02 2.81700884e-04 1.00004083e-06 3.11015890e-01]	[1.91902385e+03 1.02975825e-02 4.06444122e-02 3.89916822e-01]
85	True	7.317288398742676	73.12215179620563	0.0909097284999525	0.0002816985671603955	1.0000101911439356e-06	0.31101836375187997	`xtol` termination condition is satisfied.	[9.09097285e-02 2.81698567e-04 1.00001019e-06 3.11018364e-01]	[1.90600382e+01 9.61649114e-05 1.83654222e-03 1.11894648e-01]
3	True	7.476937532424927	73.12216053468573	0.09091020783515297	0.0002816968159610041	1.0000053813635197e-06	0.3110188133964942	`xtol` termination condition is satisfied.	[9.09102078e-02 2.81696816e-04 1.00000538e-06 3.11018813e-01]	[2.11169048e+02 6.13642545e-05 9.82803070e-02 2.79310078e-01]
1	True	5.232518911361694	73.12216362858346	0.09089974862459461	0.00028171672242835986	1.000739491921194e-06	0.310997405415964	`xtol` termination condition is satisfied.	[9.08997486e-02 2.81716722e-04 1.00073949e-06 3.10997405e-01]	[2.37670405e-01 3.93177363e-03 1.73276224e-05 1.52925636e-01]
33	True	6.421867847442627	73.12216600503135	0.09088706774836573	0.0002816979389335391	1.0000102767633278e-06	0.3110181378002671	`xtol` termination condition is satisfied.	[9.08870677e-02 2.81697939e-04 1.00001028e-06 3.11018138e-01]	[2.64252506e+04 7.53839061e-05 1.75929573e-04 2.05638161e-01]
29	True	12.149627208709717	73.1221838471807	0.09082810029070292	0.00028170129711619865	1.0000645712037244e-06	0.3110141036447027	`xtol` termination condition is satisfied.	[9.08281003e-02 2.81701297e-04 1.00006457e-06 3.11014104e-01]	[2.43626204e-01 7.08136655e-06 3.71898153e-04 3.28071611e-01]
81	True	5.697527885437012	73.12218701844168	0.09073512809113449	0.0002817212342346747	1.000517270835613e-06	0.31100143199586694	`xtol` termination condition is satisfied.	[9.07351281e-02 2.81721234e-04 1.00051727e-06 3.11001432e-01]	[1.48121756e+03 1.23855656e-06 2.43386208e-02 2.05325489e-01]
92	True	11.25220274925232	73.12219202417393	0.09088069269174476	0.0002816935129568434	1.0000003203214452e-06	0.31101927704690224	`xtol` termination condition is satisfied.	[9.08806927e-02 2.81693513e-04 1.00000032e-06 3.11019277e-01]	[2.82284185e+02 9.46949575e-05 4.83896875e-05 5.25052081e-01]
35	True	6.098951816558838	73.12219754957509	0.09087014955791696	0.0002816934890382208	1.0000028336719023e-06	0.31101860994586866	`xtol` termination condition is satisfied.	[9.08701496e-02 2.81693489e-04 1.00000283e-06 3.11018610e-01]	[1.33266691e+03 3.19934393e-06 6.66562139e-03 3.33881912e-01]
61	True	5.604396343231201	73.12219797690412	0.09082151866660917	0.00028169820670535204	1.0000228713885423e-06	0.3110165126454376	`xtol` termination condition is satisfied.	[9.08215187e-02 2.81698207e-04 1.00002287e-06 3.11016513e-01]	[5.33940591e-02 7.90999796e-06 3.81886623e-01 2.29984633e-01]
20	True	5.482504367828369	73.12220174766591	0.09090295796044165	0.00028168983138146547	1.000000000001816e-06	0.31101885098354504	`ftol` termination condition is satisfied.	[9.09029580e-02 2.81689831e-04 1.00000000e-06 3.11018851e-01]	[1.35609227e+03 1.40785205e-04 1.95137707e-06 1.41639845e-01]
66	True	6.6014299392700195	73.12220576482004	0.09085395837200742	0.00028169333875580836	1.0000001047536678e-06	0.31101916790163225	`xtol` termination condition is satisfied.	[9.08539584e-02 2.81693339e-04 1.00000010e-06 3.11019168e-01]	[2.46223265e-02 9.13641102e-05 2.97104244e-02 1.03616646e-01]
75	True	6.711496829986572	73.12220679063311	0.09082745602831792	0.0002816956140334849	1.0000052689190962e-06	0.3110181782869662	`xtol` termination condition is satisfied.	[9.08274560e-02 2.81695614e-04 1.00000527e-06 3.11018178e-01]	[2.22551894e+00 2.49900361e-04 4.25968583e-04 1.29720504e-01]
2	True	6.0851263999938965	73.12220721964528	0.09078746728458734	0.0002817003392844345	1.000051614967975e-06	0.3110144972300211	`xtol` termination condition is satisfied.	[9.07874673e-02 2.81700339e-04 1.00005161e-06 3.11014497e-01]	[1.52438877e-02 4.05065050e-05 2.94701473e-04 3.78390128e-01]
15	True	11.103791236877441	73.12220780797863	0.09089663427081084	0.0002816892793498234	1.000000000000002e-06	0.31101864344330143	`ftol` termination condition is satisfied.	[9.08966343e-02 2.81689279e-04 1.00000000e-06 3.11018643e-01]	[4.17840349e-02 6.50395358e-05 1.84062112e-06 1.48074164e-01]
87	True	8.455657243728638	73.12220781483082	0.09089664379296568	0.0002816892792822412	1.000000000000002e-06	0.31101864311103344	`ftol` termination condition is satisfied.	[9.08966438e-02 2.81689279e-04 1.00000000e-06 3.11018643e-01]	[6.77569944e-02 4.77739338e-06 2.22206509e-05 1.61123163e-01]
68	True	9.691563606262207	73.12220781622936	0.09089661820065376	0.0002816892791712744	1.000000000000002e-06	0.31101864340328755	`ftol` termination condition is satisfied.	[9.08966182e-02 2.81689279e-04 1.00000000e-06 3.11018643e-01]	[6.03193864e+00 7.57082783e-07 1.47423402e-02 1.67286241e-01]
89	True	9.759829759597778	73.12220781845244	0.09089663050610726	0.000281689278340453	1.000000000000002e-06	0.31101864290871134	`ftol` termination condition is satisfied.	[9.08966305e-02 2.81689278e-04 1.00000000e-06 3.11018643e-01]	[7.08069784e+03 4.26666727e-02 2.53401597e-06 5.56647368e-01]
58	True	8.792142152786255	73.12220782710851	0.09089658825840395	0.0002816892771452887	1.000000000000002e-06	0.31101864242831356	`ftol` termination condition is satisfied.	[9.08965883e-02 2.81689277e-04 1.00000000e-06 3.11018642e-01]	[1.37907870e+04 1.80526981e-03 1.56844199e-02 1.52078184e-01]
83	True	8.176804304122925	73.12220783094679	0.09089660767498944	0.0002816892782008847	1.000000000000002e-06	0.3110186427723103	`ftol` termination condition is satisfied.	[9.08966077e-02 2.81689278e-04 1.00000000e-06 3.11018643e-01]	[6.07233671e+02 6.35558792e-03 9.56925344e-02 2.77230807e-01]
4	True	8.480085849761963	73.12220783644572	0.090896600814578	0.000281689277194976	1.000000000000002e-06	0.3110186424029878	`ftol` termination condition is satisfied.	[9.08966008e-02 2.81689277e-04 1.00000000e-06 3.11018642e-01]	[1.18572655e+01 4.11814917e-06 6.63335610e-03 1.05816309e-01]
13	True	8.892138481140137	73.12220784654961	0.09089658541569996	0.00028168927619726613	1.000000000000002e-06	0.3110186420260347	`ftol` termination condition is satisfied.	[9.08965854e-02 2.81689276e-04 1.00000000e-06 3.11018642e-01]	[1.22352869e+03 5.11050822e-06 3.10407445e-02 1.85894364e-01]
32	True	8.118578433990479	73.12220786252561	0.09089654776955008	0.0002816892765714204	1.000000000000002e-06	0.31101864211532065	`ftol` termination condition is satisfied.	[9.08965478e-02 2.81689277e-04 1.00000000e-06 3.11018642e-01]	[9.13082159e+03 8.18082531e-03 7.40109240e-01 3.53553581e-01]
22	True	7.78339147567749	73.12220787200285	0.09089656773927304	0.00028168927673594347	1.000000000000002e-06	0.3110186424783226	`ftol` termination condition is satisfied.	[9.08965677e-02 2.81689277e-04 1.00000000e-06 3.11018642e-01]	[2.73368925e-02 5.40865051e-07 5.06446740e-01 2.82077458e-01]
45	True	8.13849401473999	73.12220788496006	0.09089649522314566	0.00028168927557289134	1.000000000000002e-06	0.3110186421622174	`ftol` termination condition is satisfied.	[9.08964952e-02 2.81689276e-04 1.00000000e-06 3.11018642e-01]	[0.01681533 0.00018951 0.13554495 0.11102418]
53	True	8.189630031585693	73.12220788956236	0.0908965033167143	0.0002816892750891479	1.000000000000002e-06	0.31101864191152145	`ftol` termination condition is satisfied.	[9.08965033e-02 2.81689275e-04 1.00000000e-06 3.11018642e-01]	[3.13426921e+00 3.85564873e-05 4.44890985e-05 3.66850433e-01]
5	True	7.40938925743103	73.12220790058029	0.0908964966128162	0.00028168927408367015	1.000000000000002e-06	0.3110186413391376	`ftol` termination condition is satisfied.	[9.08964966e-02 2.81689274e-04 1.00000000e-06 3.11018641e-01]	[3.80054075e+01 3.05539556e-04 5.96671584e-06 1.82141456e-01]
64	True	8.120153427124023	73.12220790893224	0.09089649152461311	0.000281689274626542	1.000000000000002e-06	0.3110186414936439	`ftol` termination condition is satisfied.	[9.08964915e-02 2.81689275e-04 1.00000000e-06 3.11018641e-01]	[1.63354727e+03 3.44262883e-03 1.12982175e-04 3.64123092e-01]
77	True	8.660770177841187	73.12220796166311	0.09089638334209613	0.0002816892726840702	1.000000000000002e-06	0.3110186407882624	`ftol` termination condition is satisfied.	[9.08963833e-02 2.81689273e-04 1.00000000e-06 3.11018641e-01]	[5.48066239e+01 8.64999066e-05 1.47271631e-03 5.25168128e-01]
93	True	15.616116762161255	73.12220796797858	0.0908963880443597	0.0002816892716404432	1.000000000000002e-06	0.31101864065145457	`ftol` termination condition is satisfied.	[9.08963880e-02 2.81689272e-04 1.00000000e-06 3.11018641e-01]	[1.23959354e-02 2.63129962e-06 7.93121391e-06 1.60949834e-01]
74	True	7.4320409297943115	73.12220798957347	0.09089635470449423	0.0002816892708992857	1.000000000000002e-06	0.3110186404363505	`ftol` termination condition is satisfied.	[9.08963547e-02 2.81689271e-04 1.00000000e-06 3.11018640e-01]	[5.85364688e-02 6.33805013e-07 8.75896054e-06 1.09558410e-01]
55	True	8.35870885848999	73.12220799206438	0.09089632770627258	0.0002816892698716814	1.000000000000002e-06	0.31101863998428053	`ftol` termination condition is satisfied.	[9.08963277e-02 2.81689270e-04 1.00000000e-06 3.11018640e-01]	[1.62045839e-02 4.29695900e-06 2.62731775e-02 1.87711340e-01]
51	True	7.312824249267578	73.12220800760673	0.09089634535844866	0.00028168927038873165	1.000000000000002e-06	0.31101864019913533	`ftol` termination condition is satisfied.	[9.08963454e-02 2.81689270e-04 1.00000000e-06 3.11018640e-01]	[1.87294008e+01 1.59301343e-04 1.80392095e-06 2.81864068e-01]
62	True	6.599647045135498	73.12220979932725	0.09080360295773	0.00028169735113381215	1.0000112800479853e-06	0.3110174454642615	`xtol` termination condition is satisfied.	[9.08036030e-02 2.81697351e-04 1.00001128e-06 3.11017445e-01]	[1.68767158e+04 1.99121481e-04 1.00000019e-03 1.26558507e-01]
56	True	6.653975009918213	73.12221124084266	0.0907717501628171	0.00028170117687643486	1.0000569900382245e-06	0.31101420091536325	`xtol` termination condition is satisfied.	[9.07717502e-02 2.81701177e-04 1.00005699e-06 3.11014201e-01]	[0.05071767 0.00705344 0.21756856 0.59364812]
16	True	9.391012907028198	73.12222378502956	0.09056106100625907	0.0002817284189132793	1.000410713661166e-06	0.3110038655061242	`xtol` termination condition is satisfied.	[9.05610610e-02 2.81728419e-04 1.00041071e-06 3.11003866e-01]	[3.43816639e+02 1.68274301e-03 7.77195235e-04 3.14528267e-01]
98	True	7.360710620880127	73.23839003626361	0.09580521948233307	0.0002842515626683455	0.9999824006550222	0.3099557394959061	`ftol` termination condition is satisfied.	[9.58052195e-02 2.84251563e-04 9.99982401e-01 3.09955739e-01]	[1.20199999e+02 2.88775130e-05 1.58577404e-02 2.11063237e-01]
